<?xml version="1.0" encoding="utf-8"?>
<SoundBanksInfo Platform="Mac" BasePlatform="Mac" SchemaVersion="11" SoundbankVersion="120">
	<RootPaths>
		<ProjectRoot>/Users/jeffcampbell/Library/Application Support/Wwise2016/Bottles/wwise/dosdevices/y:/BitBucket/goetheinstitutgamejam/Unity/Struggling Dreams/</ProjectRoot>
		<SourceFilesRoot>/Users/jeffcampbell/Library/Application Support/Wwise2016/Bottles/wwise/dosdevices/y:/BitBucket/goetheinstitutgamejam/Unity/Struggling Dreams/.cache/Mac/</SourceFilesRoot>
		<SoundBanksRoot>/Users/jeffcampbell/Library/Application Support/Wwise2016/Bottles/wwise/dosdevices/y:/BitBucket/goetheinstitutgamejam/Unity/Struggling Dreams/GeneratedSoundBanks/Mac/</SoundBanksRoot>
		<ExternalSourcesInputFile></ExternalSourcesInputFile>
		<ExternalSourcesOutputRoot>/Users/jeffcampbell/Library/Application Support/Wwise2016/Bottles/wwise/dosdevices/y:/BitBucket/goetheinstitutgamejam/Unity/Struggling Dreams/GeneratedSoundBanks/Mac/</ExternalSourcesOutputRoot>
	</RootPaths>
	<DialogueEvents/>
	<StreamedFiles/>
	<MediaFilesNotInAnyBank/>
	<SoundBanks>
		<SoundBank Id="1355168291" Language="SFX">
			<ObjectPath>Init</ObjectPath>
			<ShortName>Init</ShortName>
			<Path>Init.bnk</Path>
		</SoundBank>
		<SoundBank Id="1731745708" Language="SFX">
			<ObjectPath>\SoundBanks\Default Work Unit\MainGame</ObjectPath>
			<ShortName>MainGame</ShortName>
			<Path>MainGame.bnk</Path>
			<IncludedEvents>
				<Event Id="3751243027" Name="SafeZoneOff" ObjectPath="\Events\Default Work Unit\SafeZoneOff"/>
				<Event Id="2249087455" Name="SafeZoneOn" ObjectPath="\Events\Default Work Unit\SafeZoneOn"/>
				<Event Id="2100100972" Name="WarBG" ObjectPath="\Events\Default Work Unit\WarBG"/>
			</IncludedEvents>
			<IncludedMemoryFiles>
				<File Id="32731966" Language="SFX">
					<ShortName>bgMisc_gunshot15.wav</ShortName>
					<Path>SFX/bgMisc_gunshot15_9E69E797.wem</Path>
				</File>
				<File Id="60264332" Language="SFX">
					<ShortName>bgMisc_gunshot23.wav</ShortName>
					<Path>SFX/bgMisc_gunshot23_9E69E797.wem</Path>
				</File>
				<File Id="107902332" Language="SFX">
					<ShortName>bgMisc_gunshot8.wav</ShortName>
					<Path>SFX/bgMisc_gunshot8_9E69E797.wem</Path>
				</File>
				<File Id="107929174" Language="SFX">
					<ShortName>bgMisc_gunshot7.wav</ShortName>
					<Path>SFX/bgMisc_gunshot7_9E69E797.wem</Path>
				</File>
				<File Id="110934118" Language="SFX">
					<ShortName>bgMisc_wind19.wav</ShortName>
					<Path>SFX/bgMisc_wind19_9E69E797.wem</Path>
				</File>
				<File Id="140667015" Language="SFX">
					<ShortName>bgMisc_gunshot17.wav</ShortName>
					<Path>SFX/bgMisc_gunshot17_9E69E797.wem</Path>
				</File>
				<File Id="145993605" Language="SFX">
					<ShortName>bgMisc_wind17.wav</ShortName>
					<Path>SFX/bgMisc_wind17_9E69E797.wem</Path>
				</File>
				<File Id="158629081" Language="SFX">
					<ShortName>bgScream8.wav</ShortName>
					<Path>SFX/bgScream8_9E69E797.wem</Path>
				</File>
				<File Id="187058282" Language="SFX">
					<ShortName>bgMisc_gunshot30.wav</ShortName>
					<Path>SFX/bgMisc_gunshot30_9E69E797.wem</Path>
				</File>
				<File Id="206307074" Language="SFX">
					<ShortName>bgScream6.wav</ShortName>
					<Path>SFX/bgScream6_9E69E797.wem</Path>
				</File>
				<File Id="209079865" Language="SFX">
					<ShortName>bgScream3.wav</ShortName>
					<Path>SFX/bgScream3_9E69E797.wem</Path>
				</File>
				<File Id="211478332" Language="SFX">
					<ShortName>bgMisc_wind6.wav</ShortName>
					<Path>SFX/bgMisc_wind6_9E69E797.wem</Path>
				</File>
				<File Id="216408287" Language="SFX">
					<ShortName>bgMisc_wind8.wav</ShortName>
					<Path>SFX/bgMisc_wind8_9E69E797.wem</Path>
				</File>
				<File Id="236053119" Language="SFX">
					<ShortName>bgMisc_gunshot22.wav</ShortName>
					<Path>SFX/bgMisc_gunshot22_9E69E797.wem</Path>
				</File>
				<File Id="243352820" Language="SFX">
					<ShortName>bgNice.wav</ShortName>
					<Path>SFX/bgNice_9E69E797.wem</Path>
				</File>
				<File Id="249119527" Language="SFX">
					<ShortName>bgMisc_wind11.wav</ShortName>
					<Path>SFX/bgMisc_wind11_9E69E797.wem</Path>
				</File>
				<File Id="268755366" Language="SFX">
					<ShortName>bgMisc_gunshot20.wav</ShortName>
					<Path>SFX/bgMisc_gunshot20_9E69E797.wem</Path>
				</File>
				<File Id="270723825" Language="SFX">
					<ShortName>bgMisc_wind3.wav</ShortName>
					<Path>SFX/bgMisc_wind3_9E69E797.wem</Path>
				</File>
				<File Id="276570616" Language="SFX">
					<ShortName>bgMisc_gunshot11.wav</ShortName>
					<Path>SFX/bgMisc_gunshot11_9E69E797.wem</Path>
				</File>
				<File Id="282939834" Language="SFX">
					<ShortName>bgMisc_gunshot4.wav</ShortName>
					<Path>SFX/bgMisc_gunshot4_9E69E797.wem</Path>
				</File>
				<File Id="295778803" Language="SFX">
					<ShortName>bgScream7.wav</ShortName>
					<Path>SFX/bgScream7_9E69E797.wem</Path>
				</File>
				<File Id="297602793" Language="SFX">
					<ShortName>bgMisc_gunshot27.wav</ShortName>
					<Path>SFX/bgMisc_gunshot27_9E69E797.wem</Path>
				</File>
				<File Id="319103382" Language="SFX">
					<ShortName>bgMisc_gunshot12.wav</ShortName>
					<Path>SFX/bgMisc_gunshot12_9E69E797.wem</Path>
				</File>
				<File Id="330706513" Language="SFX">
					<ShortName>bgMisc_wind7.wav</ShortName>
					<Path>SFX/bgMisc_wind7_9E69E797.wem</Path>
				</File>
				<File Id="341168226" Language="SFX">
					<ShortName>bgMisc_gunshot24.wav</ShortName>
					<Path>SFX/bgMisc_gunshot24_9E69E797.wem</Path>
				</File>
				<File Id="387311176" Language="SFX">
					<ShortName>bgMisc_gunshot3.wav</ShortName>
					<Path>SFX/bgMisc_gunshot3_9E69E797.wem</Path>
				</File>
				<File Id="390323769" Language="SFX">
					<ShortName>bgMisc_gunshot19.wav</ShortName>
					<Path>SFX/bgMisc_gunshot19_9E69E797.wem</Path>
				</File>
				<File Id="392922723" Language="SFX">
					<ShortName>bgMisc_gunshot13.wav</ShortName>
					<Path>SFX/bgMisc_gunshot13_9E69E797.wem</Path>
				</File>
				<File Id="396520838" Language="SFX">
					<ShortName>bgMisc_gunshot5.wav</ShortName>
					<Path>SFX/bgMisc_gunshot5_9E69E797.wem</Path>
				</File>
				<File Id="444213015" Language="SFX">
					<ShortName>bgMisc_wind4.wav</ShortName>
					<Path>SFX/bgMisc_wind4_9E69E797.wem</Path>
				</File>
				<File Id="447956400" Language="SFX">
					<ShortName>bgMisc_gunshot16.wav</ShortName>
					<Path>SFX/bgMisc_gunshot16_9E69E797.wem</Path>
				</File>
				<File Id="477564759" Language="SFX">
					<ShortName>bgMisc_gunshot1.wav</ShortName>
					<Path>SFX/bgMisc_gunshot1_9E69E797.wem</Path>
				</File>
				<File Id="509537992" Language="SFX">
					<ShortName>bgMisc_gunshot21.wav</ShortName>
					<Path>SFX/bgMisc_gunshot21_9E69E797.wem</Path>
				</File>
				<File Id="564234059" Language="SFX">
					<ShortName>bgMain.wav</ShortName>
					<Path>SFX/bgMain_4B8CC0C5.wem</Path>
				</File>
				<File Id="589908930" Language="SFX">
					<ShortName>bgMisc_wind21.wav</ShortName>
					<Path>SFX/bgMisc_wind21_9E69E797.wem</Path>
				</File>
				<File Id="624597502" Language="SFX">
					<ShortName>bgMisc_gunshot25.wav</ShortName>
					<Path>SFX/bgMisc_gunshot25_9E69E797.wem</Path>
				</File>
				<File Id="626946023" Language="SFX">
					<ShortName>bgMisc_wind10.wav</ShortName>
					<Path>SFX/bgMisc_wind10_9E69E797.wem</Path>
				</File>
				<File Id="632983105" Language="SFX">
					<ShortName>bgMisc_gunshot14.wav</ShortName>
					<Path>SFX/bgMisc_gunshot14_9E69E797.wem</Path>
				</File>
				<File Id="645013499" Language="SFX">
					<ShortName>bgMisc_explosion4.wav</ShortName>
					<Path>SFX/bgMisc_explosion4_9E69E797.wem</Path>
				</File>
				<File Id="650605877" Language="SFX">
					<ShortName>bgScream1.wav</ShortName>
					<Path>SFX/bgScream1_9E69E797.wem</Path>
				</File>
				<File Id="652443195" Language="SFX">
					<ShortName>bgMisc_explosion3.wav</ShortName>
					<Path>SFX/bgMisc_explosion3_9E69E797.wem</Path>
				</File>
				<File Id="656704706" Language="SFX">
					<ShortName>bgMisc_wind1.wav</ShortName>
					<Path>SFX/bgMisc_wind1_9E69E797.wem</Path>
				</File>
				<File Id="693625309" Language="SFX">
					<ShortName>bgMisc_gunshot29.wav</ShortName>
					<Path>SFX/bgMisc_gunshot29_9E69E797.wem</Path>
				</File>
				<File Id="716967497" Language="SFX">
					<ShortName>bgMisc_wind5.wav</ShortName>
					<Path>SFX/bgMisc_wind5_9E69E797.wem</Path>
				</File>
				<File Id="744755252" Language="SFX">
					<ShortName>bgMisc_explosion6.wav</ShortName>
					<Path>SFX/bgMisc_explosion6_9E69E797.wem</Path>
				</File>
				<File Id="752138716" Language="SFX">
					<ShortName>bgMisc_wind20.wav</ShortName>
					<Path>SFX/bgMisc_wind20_9E69E797.wem</Path>
				</File>
				<File Id="753874400" Language="SFX">
					<ShortName>bgScream4.wav</ShortName>
					<Path>SFX/bgScream4_9E69E797.wem</Path>
				</File>
				<File Id="770019041" Language="SFX">
					<ShortName>bgScream5.wav</ShortName>
					<Path>SFX/bgScream5_9E69E797.wem</Path>
				</File>
				<File Id="770260863" Language="SFX">
					<ShortName>bgMisc_wind16.wav</ShortName>
					<Path>SFX/bgMisc_wind16_9E69E797.wem</Path>
				</File>
				<File Id="789112089" Language="SFX">
					<ShortName>bgMisc_explosion2.wav</ShortName>
					<Path>SFX/bgMisc_explosion2_9E69E797.wem</Path>
				</File>
				<File Id="809102928" Language="SFX">
					<ShortName>bgMisc_gunshot26.wav</ShortName>
					<Path>SFX/bgMisc_gunshot26_9E69E797.wem</Path>
				</File>
				<File Id="831195175" Language="SFX">
					<ShortName>bgMisc_gunshot31.wav</ShortName>
					<Path>SFX/bgMisc_gunshot31_9E69E797.wem</Path>
				</File>
				<File Id="831646736" Language="SFX">
					<ShortName>bgMisc_explosion7.wav</ShortName>
					<Path>SFX/bgMisc_explosion7_9E69E797.wem</Path>
				</File>
				<File Id="839876461" Language="SFX">
					<ShortName>bgMisc_explosion1.wav</ShortName>
					<Path>SFX/bgMisc_explosion1_9E69E797.wem</Path>
				</File>
				<File Id="848112095" Language="SFX">
					<ShortName>maskExpand.wav</ShortName>
					<Path>SFX/maskExpand_9E69E797.wem</Path>
				</File>
				<File Id="853434691" Language="SFX">
					<ShortName>bgMisc_wind18.wav</ShortName>
					<Path>SFX/bgMisc_wind18_9E69E797.wem</Path>
				</File>
				<File Id="860295176" Language="SFX">
					<ShortName>bgMisc_explosion5.wav</ShortName>
					<Path>SFX/bgMisc_explosion5_9E69E797.wem</Path>
				</File>
				<File Id="866447320" Language="SFX">
					<ShortName>bgMisc_gunshot10.wav</ShortName>
					<Path>SFX/bgMisc_gunshot10_9E69E797.wem</Path>
				</File>
				<File Id="870194611" Language="SFX">
					<ShortName>bgMisc_gunshot28.wav</ShortName>
					<Path>SFX/bgMisc_gunshot28_9E69E797.wem</Path>
				</File>
				<File Id="907615095" Language="SFX">
					<ShortName>bgMisc_gunshot18.wav</ShortName>
					<Path>SFX/bgMisc_gunshot18_9E69E797.wem</Path>
				</File>
				<File Id="918619445" Language="SFX">
					<ShortName>bgMisc_wind13.wav</ShortName>
					<Path>SFX/bgMisc_wind13_9E69E797.wem</Path>
				</File>
				<File Id="925503703" Language="SFX">
					<ShortName>bgScream2.wav</ShortName>
					<Path>SFX/bgScream2_9E69E797.wem</Path>
				</File>
				<File Id="934673344" Language="SFX">
					<ShortName>bgMisc_gunshot9.wav</ShortName>
					<Path>SFX/bgMisc_gunshot9_9E69E797.wem</Path>
				</File>
				<File Id="940083022" Language="SFX">
					<ShortName>bgMisc_wind15.wav</ShortName>
					<Path>SFX/bgMisc_wind15_9E69E797.wem</Path>
				</File>
				<File Id="944533266" Language="SFX">
					<ShortName>bgMisc_gunshot6.wav</ShortName>
					<Path>SFX/bgMisc_gunshot6_9E69E797.wem</Path>
				</File>
				<File Id="955091106" Language="SFX">
					<ShortName>bgMisc_wind14.wav</ShortName>
					<Path>SFX/bgMisc_wind14_9E69E797.wem</Path>
				</File>
				<File Id="961341146" Language="SFX">
					<ShortName>bgMisc_gunshot2.wav</ShortName>
					<Path>SFX/bgMisc_gunshot2_9E69E797.wem</Path>
				</File>
				<File Id="1010436953" Language="SFX">
					<ShortName>bgMisc_wind12.wav</ShortName>
					<Path>SFX/bgMisc_wind12_9E69E797.wem</Path>
				</File>
				<File Id="1019447246" Language="SFX">
					<ShortName>bgMisc_wind9.wav</ShortName>
					<Path>SFX/bgMisc_wind9_9E69E797.wem</Path>
				</File>
				<File Id="1030003052" Language="SFX">
					<ShortName>bgMisc_wind2.wav</ShortName>
					<Path>SFX/bgMisc_wind2_9E69E797.wem</Path>
				</File>
				<File Id="1040808385" Language="SFX">
					<ShortName>maskContract.wav</ShortName>
					<Path>SFX/maskContract_9E69E797.wem</Path>
				</File>
			</IncludedMemoryFiles>
		</SoundBank>
	</SoundBanks>
</SoundBanksInfo>
